method,seq_len,sample_id,ppl,eval_mode
RoPE,8192,0,8.095972921663279,full
RoPE,8192,1,9.150148888646857,full
RoPE,8192,2,8.394574879240725,full
RoPE,8192,3,9.590037343996661,full
RoPE,8192,4,12.050531910203764,full
RoPE,8192,5,9.928400895885442,full
RoPE,8192,6,9.694544373386538,full
RoPE,8192,7,11.731456645245208,full
RoPE,8192,8,9.63957488359685,full
RoPE,8192,9,8.031772643980077,full
RoPE,8192,10,8.623690459878498,full
RoPE,8192,11,9.604471077973018,full
RoPE,8192,12,9.307161687974675,full
RoPE,8192,13,9.955859459396958,full
RoPE,8192,14,9.234858280666197,full
RoPE,8192,15,10.303378462632486,full
RoPE,8192,16,12.296539421024542,full
RoPE,8192,17,11.656319221836808,full
RoPE,8192,18,10.523539117113858,full
RoPE,8192,19,9.829368022675718,full
RoPE,8192,20,10.833221457370398,full
RoPE,8192,21,9.386765088471245,full
RoPE,8192,22,8.155360894076448,full
RoPE,8192,23,10.095337742109841,full
RoPE,8192,24,11.659746334967437,full
RoPE,8192,25,12.924650645739678,full
RoPE,8192,26,11.971141569066873,full
RoPE,8192,27,12.444652561765675,full
RoPE,8192,28,12.267245408604541,full
RoPE,8192,29,11.334281431830476,full
RoPE,8192,30,12.12104720978042,full
RoPE,8192,31,10.699056637818172,full
RoPE,8192,32,10.441290785524556,full
RoPE,8192,33,10.717405340556192,full
RoPE,8192,34,11.13304897520906,full
RoPE,8192,35,11.394983100416404,full
RoPE,8192,36,11.531590783955599,full
RoPE,8192,37,9.984848388298143,full
RoPE,8192,38,9.639266922514176,full
RoPE,8192,39,10.050212941396232,full
RoPE,8192,40,10.236150166397167,full
RoPE,8192,41,8.225083620377973,full
RoPE,8192,42,9.727620753013884,full
RoPE,8192,43,10.892654937612855,full
RoPE,8192,44,12.371537883835064,full
RoPE,8192,45,11.235625246305272,full
RoPE,8192,46,11.301374704978377,full
RoPE,8192,47,11.861013276660696,full
RoPE,8192,48,10.807011547475813,full
RoPE,8192,49,12.697322370440087,full
YaRN_x2,8192,0,8.041082650496232,full
YaRN_x2,8192,1,9.125219256939586,full
YaRN_x2,8192,2,8.38646103289631,full
YaRN_x2,8192,3,9.580505330234105,full
YaRN_x2,8192,4,12.060307186301333,full
YaRN_x2,8192,5,9.831786816317223,full
YaRN_x2,8192,6,9.583408950818692,full
YaRN_x2,8192,7,11.62987294405358,full
YaRN_x2,8192,8,9.648905710373434,full
YaRN_x2,8192,9,8.010911792786912,full
YaRN_x2,8192,10,8.623127121120087,full
YaRN_x2,8192,11,9.585045052187693,full
YaRN_x2,8192,12,9.357468755894823,full
YaRN_x2,8192,13,9.978265893073536,full
YaRN_x2,8192,14,9.448108491523266,full
YaRN_x2,8192,15,10.308120631124451,full
YaRN_x2,8192,16,12.422129425880106,full
YaRN_x2,8192,17,11.72321399447414,full
YaRN_x2,8192,18,10.654862789936908,full
YaRN_x2,8192,19,9.816447410803114,full
YaRN_x2,8192,20,10.898918131842906,full
YaRN_x2,8192,21,9.478488551040432,full
YaRN_x2,8192,22,8.171458807101915,full
YaRN_x2,8192,23,10.098594824873299,full
YaRN_x2,8192,24,11.769885861133972,full
YaRN_x2,8192,25,12.851657062911016,full
YaRN_x2,8192,26,11.910718253146763,full
YaRN_x2,8192,27,12.357426181615631,full
YaRN_x2,8192,28,12.23412657795343,full
YaRN_x2,8192,29,11.240595485560464,full
YaRN_x2,8192,30,12.046794624879336,full
YaRN_x2,8192,31,10.707842833423067,full
YaRN_x2,8192,32,10.46929915688787,full
YaRN_x2,8192,33,10.546053908601772,full
YaRN_x2,8192,34,11.229612990322261,full
YaRN_x2,8192,35,11.392095533795278,full
YaRN_x2,8192,36,11.674600455583183,full
YaRN_x2,8192,37,10.036736410606958,full
YaRN_x2,8192,38,9.687063079491825,full
YaRN_x2,8192,39,9.989346304178385,full
YaRN_x2,8192,40,10.270276143796782,full
YaRN_x2,8192,41,8.217280532335486,full
YaRN_x2,8192,42,9.710818431648503,full
YaRN_x2,8192,43,10.94880631763817,full
YaRN_x2,8192,44,12.43309242652218,full
YaRN_x2,8192,45,11.23328959137088,full
YaRN_x2,8192,46,11.329404823809206,full
YaRN_x2,8192,47,11.85764008849004,full
YaRN_x2,8192,48,10.924379390247026,full
YaRN_x2,8192,49,12.644666407885016,full
LAOPPE_L2,8192,0,6.50153152490536,full
LAOPPE_L2,8192,1,7.446977225150769,full
LAOPPE_L2,8192,2,7.407912565867825,full
LAOPPE_L2,8192,3,7.9599395514796445,full
LAOPPE_L2,8192,4,9.259158013147067,full
LAOPPE_L2,8192,5,8.03038252959794,full
LAOPPE_L2,8192,6,8.11301546613533,full
LAOPPE_L2,8192,7,9.885742700333443,full
LAOPPE_L2,8192,8,8.326589153951039,full
LAOPPE_L2,8192,9,7.015380672662246,full
LAOPPE_L2,8192,10,7.141526349730103,full
LAOPPE_L2,8192,11,7.780807004397457,full
LAOPPE_L2,8192,12,7.363819068883113,full
LAOPPE_L2,8192,13,7.677539235018721,full
LAOPPE_L2,8192,14,7.436354903268131,full
LAOPPE_L2,8192,15,8.653754877603555,full
LAOPPE_L2,8192,16,10.379000915523648,full
LAOPPE_L2,8192,17,9.623629013041798,full
LAOPPE_L2,8192,18,8.423167753568041,full
LAOPPE_L2,8192,19,8.070676321229092,full
LAOPPE_L2,8192,20,8.949464042760004,full
LAOPPE_L2,8192,21,8.181580268020848,full
LAOPPE_L2,8192,22,6.986525157615375,full
LAOPPE_L2,8192,23,8.26681160781451,full
LAOPPE_L2,8192,24,9.381840588465169,full
LAOPPE_L2,8192,25,10.547690893884532,full
LAOPPE_L2,8192,26,9.987038756008626,full
LAOPPE_L2,8192,27,9.842997908885593,full
LAOPPE_L2,8192,28,9.909886035816408,full
LAOPPE_L2,8192,29,9.702952120277807,full
LAOPPE_L2,8192,30,10.171213062634637,full
LAOPPE_L2,8192,31,8.652222043929712,full
LAOPPE_L2,8192,32,8.226960523694657,full
LAOPPE_L2,8192,33,8.179586956041046,full
LAOPPE_L2,8192,34,8.22044909242007,full
LAOPPE_L2,8192,35,9.31526456410508,full
LAOPPE_L2,8192,36,9.907122061230494,full
LAOPPE_L2,8192,37,8.494220054813223,full
LAOPPE_L2,8192,38,7.901222981188052,full
LAOPPE_L2,8192,39,8.05501316512335,full
LAOPPE_L2,8192,40,8.234560767672123,full
LAOPPE_L2,8192,41,6.682526921638587,full
LAOPPE_L2,8192,42,7.817052413213885,full
LAOPPE_L2,8192,43,7.989169828191766,full
LAOPPE_L2,8192,44,9.668885317860202,full
LAOPPE_L2,8192,45,9.27482723885062,full
LAOPPE_L2,8192,46,9.07744409344016,full
LAOPPE_L2,8192,47,9.60411615245732,full
LAOPPE_L2,8192,48,8.502089496510829,full
LAOPPE_L2,8192,49,10.003386436845917,full
