method,seq_len,sample_id,ppl
RoPE,512,0,10.041310369329635
RoPE,512,1,9.489394065731364
RoPE,512,2,10.050670617897406
RoPE,512,3,12.445904714108657
RoPE,512,4,11.016304386619865
RoPE,512,5,14.48630134886819
RoPE,512,6,11.309172460023676
RoPE,512,7,10.624901307927404
RoPE,512,8,12.082903103125497
RoPE,512,9,16.148889596278444
RoPE,512,10,12.600052025957629
RoPE,512,11,13.125596020352582
RoPE,512,12,9.161019537036566
RoPE,512,13,16.194246872239763
RoPE,512,14,12.40493109862116
RoPE,512,15,21.029377148880645
RoPE,512,16,12.388356151480359
RoPE,512,17,11.24231347555547
RoPE,512,18,17.7060961685087
RoPE,512,19,20.01464970946133
RoPE,512,20,11.169541929648805
RoPE,512,21,8.513712465432238
RoPE,512,22,16.334051719012287
RoPE,512,23,12.424445664958718
RoPE,512,24,12.244856512533646
RoPE,512,25,16.232601154151602
RoPE,512,26,7.7719373181786215
RoPE,512,27,12.545418334452643
RoPE,512,28,12.913512827244475
RoPE,512,29,16.14097938287656
RoPE,512,30,17.63693628676743
RoPE,512,31,17.554309288444156
RoPE,512,32,15.549986976514118
RoPE,512,33,10.062570327976525
RoPE,512,34,22.430527136383787
RoPE,512,35,15.197730488236898
RoPE,512,36,8.131493506563979
RoPE,512,37,14.206148174346245
RoPE,512,38,10.395375521245317
RoPE,512,39,10.649140992069283
RoPE,512,40,13.078792077510279
RoPE,512,41,12.43019962560296
RoPE,512,42,13.256745426570049
RoPE,512,43,10.765430824101626
RoPE,512,44,12.880064801044375
RoPE,512,45,16.182274449096255
RoPE,512,46,11.431247152168623
RoPE,512,47,12.014041810401666
RoPE,512,48,13.619773553572111
RoPE,512,49,13.782395716773715
RoPE,512,50,17.688227298352015
RoPE,512,51,17.804246028116097
RoPE,512,52,9.129504061945944
RoPE,512,53,21.58306438280728
RoPE,512,54,16.22099871166639
RoPE,512,55,20.882272927787678
RoPE,512,56,12.328286923036424
RoPE,512,57,15.28088276000547
RoPE,512,58,12.12531920928219
RoPE,512,59,8.061109105418291
RoPE,512,60,9.884755189818101
RoPE,512,61,9.27347402740543
RoPE,512,62,11.26028903328065
RoPE,512,63,23.414474660427746
RoPE,512,64,13.44752636233147
RoPE,512,65,21.307947472576405
RoPE,512,66,10.940531871139957
RoPE,512,67,11.966915330112883
RoPE,512,68,12.435760564979295
RoPE,512,69,12.398047795290896
RoPE,512,70,18.582494686644253
RoPE,512,71,15.368083987616599
RoPE,512,72,12.737800910996663
RoPE,512,73,16.187175047687443
RoPE,512,74,21.301318829054733
RoPE,512,75,14.325537875026257
RoPE,512,76,12.194454885972709
RoPE,512,77,11.253316440789554
RoPE,512,78,13.437494887192111
RoPE,512,79,9.885259538471768
RoPE,512,80,12.6919016737557
RoPE,512,81,21.925979966863075
RoPE,512,82,22.187631376296977
RoPE,512,83,11.196313409041021
RoPE,512,84,17.527209655520572
RoPE,512,85,11.735132475353407
RoPE,512,86,9.306285224141241
RoPE,512,87,8.410364924090784
RoPE,512,88,10.728242429756255
RoPE,512,89,15.719663429014306
RoPE,512,90,9.418328784508216
RoPE,512,91,15.438620522345559
RoPE,512,92,13.836589202550265
RoPE,512,93,12.599736600823247
RoPE,512,94,14.261973885549343
RoPE,512,95,14.565852844654813
RoPE,512,96,14.623831221557197
RoPE,512,97,12.741199687229894
RoPE,512,98,11.882856160337772
RoPE,512,99,9.57734227640037
RoPE,1024,0,11.285152251680563
RoPE,1024,1,7.407179635772788
RoPE,1024,2,9.394569926901502
RoPE,1024,3,11.009763738387562
RoPE,1024,4,11.054631006806094
RoPE,1024,5,13.875686817922675
RoPE,1024,6,12.575175741948273
RoPE,1024,7,13.190795448535344
RoPE,1024,8,11.57235848966023
RoPE,1024,9,17.387213218213596
RoPE,1024,10,10.555003851072174
RoPE,1024,11,11.214776902638812
RoPE,1024,12,10.496984726602426
RoPE,1024,13,16.043026621206113
RoPE,1024,14,13.630266071954257
RoPE,1024,15,17.486309268247943
RoPE,1024,16,9.961740756305863
RoPE,1024,17,10.742419511246707
RoPE,1024,18,13.58670523983347
RoPE,1024,19,15.258664196187835
RoPE,1024,20,12.571866213816921
RoPE,1024,21,8.378119320824238
RoPE,1024,22,14.751253300566495
RoPE,1024,23,12.60741418788818
RoPE,1024,24,11.639176560085955
RoPE,1024,25,14.503048152635497
RoPE,1024,26,7.686407478918908
RoPE,1024,27,10.061617928873837
RoPE,1024,28,12.350336616407352
RoPE,1024,29,13.883522898338173
RoPE,1024,30,15.02014155566985
RoPE,1024,31,13.793247003652493
RoPE,1024,32,11.730690293037691
RoPE,1024,33,10.644505872802636
RoPE,1024,34,18.693215815468257
RoPE,1024,35,13.867980802348596
RoPE,1024,36,9.89787662155707
RoPE,1024,37,13.361276833873681
RoPE,1024,38,8.189693101261506
RoPE,1024,39,10.903086930253012
RoPE,1024,40,9.845215840861291
RoPE,1024,41,11.938053639581598
RoPE,1024,42,13.846476237506714
RoPE,1024,43,7.972300004397103
RoPE,1024,44,12.57970077259114
RoPE,1024,45,13.325671385717035
RoPE,1024,46,10.245530818448326
RoPE,1024,47,10.773028306058446
RoPE,1024,48,11.331725341199421
RoPE,1024,49,12.137600191654764
RoPE,1024,50,16.719939540537258
RoPE,1024,51,16.597063757740553
RoPE,1024,52,8.70406766766281
RoPE,1024,53,20.051756679084395
RoPE,1024,54,13.358231769649153
RoPE,1024,55,16.863860514969204
RoPE,1024,56,13.46594220503938
RoPE,1024,57,12.108621307315744
RoPE,1024,58,12.64152545627696
RoPE,1024,59,7.960945447694885
RoPE,1024,60,9.121210466751787
RoPE,1024,61,10.251959643783566
RoPE,1024,62,10.812828481318416
RoPE,1024,63,21.05032518011654
RoPE,1024,64,11.48922166596754
RoPE,1024,65,17.180975404147315
RoPE,1024,66,9.068929674610533
RoPE,1024,67,10.147560421641959
RoPE,1024,68,10.80032735831452
RoPE,1024,69,11.017675500574203
RoPE,1024,70,13.933482385179087
RoPE,1024,71,14.415241511486945
RoPE,1024,72,10.848398522710502
RoPE,1024,73,14.420775920472966
RoPE,1024,74,16.531707583547817
RoPE,1024,75,14.539365830596061
RoPE,1024,76,10.032202805130709
RoPE,1024,77,8.824386509122876
RoPE,1024,78,13.209464376106588
RoPE,1024,79,9.464413380760444
RoPE,1024,80,10.240417029140035
RoPE,1024,81,17.818590951232288
RoPE,1024,82,13.810743398443268
RoPE,1024,83,12.589887295411781
RoPE,1024,84,13.82839056724697
RoPE,1024,85,11.516284347717107
RoPE,1024,86,8.876139979550047
RoPE,1024,87,8.36880018084718
RoPE,1024,88,11.939519550275879
RoPE,1024,89,15.078094688183235
RoPE,1024,90,8.98472260116037
RoPE,1024,91,13.471674222150778
RoPE,1024,92,14.133726079773497
RoPE,1024,93,11.879946929312656
RoPE,1024,94,12.402142427337862
RoPE,1024,95,14.398984020974387
RoPE,1024,96,14.643948741972062
RoPE,1024,97,12.677896069796748
RoPE,1024,98,10.973732632755198
RoPE,1024,99,9.935765354232696
RoPE,2048,0,10.963050079666921
RoPE,2048,1,6.709214238607284
RoPE,2048,2,10.382389122805492
RoPE,2048,3,11.009170519686544
RoPE,2048,4,10.528053789280921
RoPE,2048,5,13.195664699768196
RoPE,2048,6,13.019642503624732
RoPE,2048,7,12.525062751124496
RoPE,2048,8,11.14802146828358
RoPE,2048,9,15.15487522272025
RoPE,2048,10,10.406154931224052
RoPE,2048,11,11.217531266330372
RoPE,2048,12,12.510990692976371
RoPE,2048,13,13.005517092113802
RoPE,2048,14,14.571962728063504
RoPE,2048,15,15.375758396125661
RoPE,2048,16,6.045461487561077
RoPE,2048,17,10.776632500440828
RoPE,2048,18,12.032803751866647
RoPE,2048,19,16.054578319071958
RoPE,2048,20,11.52414246417134
RoPE,2048,21,8.130363323520896
RoPE,2048,22,14.999757563581568
RoPE,2048,23,11.070355802761297
RoPE,2048,24,11.347262617873865
RoPE,2048,25,12.346365057565766
RoPE,2048,26,8.308977124765333
RoPE,2048,27,11.018763057121783
RoPE,2048,28,12.221345818472823
RoPE,2048,29,13.655936916324377
RoPE,2048,30,13.051165740752099
RoPE,2048,31,9.160231090196238
RoPE,2048,32,13.54219550402054
RoPE,2048,33,11.539098940341471
RoPE,2048,34,16.326031345458013
RoPE,2048,35,11.77036572418402
RoPE,2048,36,12.303994120820892
RoPE,2048,37,13.162634393067831
RoPE,2048,38,8.635973806325614
RoPE,2048,39,10.07621847995185
RoPE,2048,40,9.641891801770319
RoPE,2048,41,12.759542593750915
RoPE,2048,42,12.717487926135888
RoPE,2048,43,5.517445318064746
RoPE,2048,44,12.248056594431917
RoPE,2048,45,11.450570352951633
RoPE,2048,46,10.166361782601829
RoPE,2048,47,10.603059964394824
RoPE,2048,48,10.899892614620558
RoPE,2048,49,11.283731709593505
RoPE,2048,50,15.1952051734162
RoPE,2048,51,16.823601553475168
RoPE,2048,52,9.179255719428122
RoPE,2048,53,16.439153990745535
RoPE,2048,54,12.413439975470864
RoPE,2048,55,15.10484645780431
RoPE,2048,56,13.65522716403077
RoPE,2048,57,11.022060533103419
RoPE,2048,58,10.08590944340212
RoPE,2048,59,9.971939748708644
RoPE,2048,60,8.096677486400981
RoPE,2048,61,9.323270020550172
RoPE,2048,62,10.069722197416837
RoPE,2048,63,19.216683561141515
RoPE,2048,64,11.91628543740232
RoPE,2048,65,14.09737967120962
RoPE,2048,66,9.27231555227736
RoPE,2048,67,12.236422348830898
RoPE,2048,68,10.60040340446449
RoPE,2048,69,9.789156293303598
RoPE,2048,70,12.680985590361836
RoPE,2048,71,12.128528534457288
RoPE,2048,72,11.207610705442509
RoPE,2048,73,11.268007396256388
RoPE,2048,74,12.5817644150942
RoPE,2048,75,12.812582235354903
RoPE,2048,76,11.439461797924311
RoPE,2048,77,8.017270629473849
RoPE,2048,78,12.435354378071183
RoPE,2048,79,9.507986953653889
RoPE,2048,80,7.171637565746346
RoPE,2048,81,16.34960922847115
RoPE,2048,82,10.564205700297403
RoPE,2048,83,13.700546105306742
RoPE,2048,84,11.076866423884331
RoPE,2048,85,12.282396131837706
RoPE,2048,86,11.395545486859614
RoPE,2048,87,8.041525522840143
RoPE,2048,88,12.06040495034188
RoPE,2048,89,16.43585810600748
RoPE,2048,90,9.409505841238463
RoPE,2048,91,11.538774310910288
RoPE,2048,92,11.33030433933638
RoPE,2048,93,10.919585419832659
RoPE,2048,94,14.558846480535228
RoPE,2048,95,11.331420053906287
RoPE,2048,96,11.3744871821822
RoPE,2048,97,12.967999439491443
RoPE,2048,98,11.207736294969283
RoPE,2048,99,9.946582766116475
RoPE,4096,0,11.601846257830294
RoPE,4096,1,7.64935247365991
RoPE,4096,2,10.34421524754089
RoPE,4096,3,10.874319904213262
RoPE,4096,4,10.677824019597667
RoPE,4096,5,11.618014278015634
RoPE,4096,6,10.18824843094292
RoPE,4096,7,13.013603278120037
RoPE,4096,8,11.440847390987399
RoPE,4096,9,10.093065869001878
RoPE,4096,10,11.864214875555922
RoPE,4096,11,11.248176987299951
RoPE,4096,12,13.446965299513879
RoPE,4096,13,11.285332522648027
RoPE,4096,14,14.989593812611423
RoPE,4096,15,12.46929442734835
RoPE,4096,16,7.005980290353139
RoPE,4096,17,10.15082709269248
RoPE,4096,18,11.066407996606475
RoPE,4096,19,15.609563896480608
RoPE,4096,20,11.425762194600948
RoPE,4096,21,8.900486752796194
RoPE,4096,22,13.052341993822573
RoPE,4096,23,10.945922206844147
RoPE,4096,24,11.119337216396795
RoPE,4096,25,13.16855440044305
RoPE,4096,26,9.084961415542503
RoPE,4096,27,10.150326134879545
RoPE,4096,28,12.373281222904893
RoPE,4096,29,12.469776048305791
RoPE,4096,30,11.250746420575537
RoPE,4096,31,7.492501078739426
RoPE,4096,32,11.065397521268082
RoPE,4096,33,10.517047809230863
RoPE,4096,34,13.146360256068922
RoPE,4096,35,10.944614819606931
RoPE,4096,36,11.235210042797204
RoPE,4096,37,11.991014315566577
RoPE,4096,38,8.406052872092788
RoPE,4096,39,10.621879661245936
RoPE,4096,40,11.37160752056906
RoPE,4096,41,10.478401306300851
RoPE,4096,42,12.614714484517426
RoPE,4096,43,7.056778690898134
RoPE,4096,44,12.261452868247051
RoPE,4096,45,11.032598045985006
RoPE,4096,46,10.47770681705351
RoPE,4096,47,11.735901915820198
RoPE,4096,48,11.926517657798517
RoPE,4096,49,11.855395598071738
RoPE,4096,50,10.265360482276114
RoPE,4096,51,16.33707790257497
RoPE,4096,52,10.306100642845946
RoPE,4096,53,14.288514241504068
RoPE,4096,54,11.000588175983669
RoPE,4096,55,12.664841941952934
RoPE,4096,56,12.086225108952094
RoPE,4096,57,10.974378888194016
RoPE,4096,58,9.618383031770986
RoPE,4096,59,11.078976728552908
RoPE,4096,60,6.968186399665598
RoPE,4096,61,9.80736842846918
RoPE,4096,62,11.998435406174474
RoPE,4096,63,14.973184774178993
RoPE,4096,64,11.757606904485153
RoPE,4096,65,11.62350007465361
RoPE,4096,66,9.885363239515161
RoPE,4096,67,13.046278269069061
RoPE,4096,68,10.29367733445524
RoPE,4096,69,9.834715009004057
RoPE,4096,70,14.721168183046878
RoPE,4096,71,10.883122885208186
RoPE,4096,72,11.024226105762434
RoPE,4096,73,12.226743360046225
RoPE,4096,74,12.57709770650414
RoPE,4096,75,11.290359744382283
RoPE,4096,76,12.476244057362118
RoPE,4096,77,7.973940515614246
RoPE,4096,78,11.05826877381368
RoPE,4096,79,9.504004878301188
RoPE,4096,80,7.517734603083838
RoPE,4096,81,13.830856902192208
RoPE,4096,82,9.008873184105143
RoPE,4096,83,12.564665605049825
RoPE,4096,84,9.541809892583222
RoPE,4096,85,13.192651088163633
RoPE,4096,86,11.337943644287055
RoPE,4096,87,9.00455697408257
RoPE,4096,88,11.768917775934353
RoPE,4096,89,10.952586827701278
RoPE,4096,90,10.352692765140292
RoPE,4096,91,10.949080412947735
RoPE,4096,92,11.291643821035894
RoPE,4096,93,11.268614562136754
RoPE,4096,94,14.816460999835135
RoPE,4096,95,11.083890885119274
RoPE,4096,96,9.86906725476872
RoPE,4096,97,10.427990943045698
RoPE,4096,98,10.975401985746732
RoPE,4096,99,9.933553074992064
ALiBi_trained,512,0,7.741052325373415
ALiBi_trained,512,1,7.976486542517572
ALiBi_trained,512,2,8.379461747893675
ALiBi_trained,512,3,10.12623195430714
ALiBi_trained,512,4,8.985228156835133
ALiBi_trained,512,5,10.891340929150997
ALiBi_trained,512,6,9.2862223825432
ALiBi_trained,512,7,9.295193445233858
ALiBi_trained,512,8,10.72273176000485
ALiBi_trained,512,9,11.647943297193603
ALiBi_trained,512,10,9.086055323309088
ALiBi_trained,512,11,9.836131357364208
ALiBi_trained,512,12,7.172374549667434
ALiBi_trained,512,13,13.217034508729697
ALiBi_trained,512,14,8.300186074126582
ALiBi_trained,512,15,17.324878396274354
ALiBi_trained,512,16,10.031872733392458
ALiBi_trained,512,17,8.981884734076674
ALiBi_trained,512,18,12.218545981370303
ALiBi_trained,512,19,14.394487512447327
ALiBi_trained,512,20,9.725392213382646
ALiBi_trained,512,21,7.094687711870563
ALiBi_trained,512,22,15.393060015315607
ALiBi_trained,512,23,9.178745811901665
ALiBi_trained,512,24,9.420246640648054
ALiBi_trained,512,25,14.027742659075795
ALiBi_trained,512,26,8.096793311129927
ALiBi_trained,512,27,10.581437592114103
ALiBi_trained,512,28,12.58780131242838
ALiBi_trained,512,29,13.339091803106589
ALiBi_trained,512,30,13.184984896738245
ALiBi_trained,512,31,14.848337371886892
ALiBi_trained,512,32,11.495507210211303
ALiBi_trained,512,33,7.897870531528876
ALiBi_trained,512,34,18.457566869322708
ALiBi_trained,512,35,11.518066442390376
ALiBi_trained,512,36,7.404801203258276
ALiBi_trained,512,37,12.39099400982473
ALiBi_trained,512,38,7.70849244206904
ALiBi_trained,512,39,9.897435341748011
ALiBi_trained,512,40,10.451076211655973
ALiBi_trained,512,41,11.679453002584042
ALiBi_trained,512,42,11.877735030800144
ALiBi_trained,512,43,9.358196088336172
ALiBi_trained,512,44,10.659044972693218
ALiBi_trained,512,45,11.715002272721167
ALiBi_trained,512,46,10.48295159915531
ALiBi_trained,512,47,10.334667857964824
ALiBi_trained,512,48,11.36379922814823
ALiBi_trained,512,49,10.122244346063225
ALiBi_trained,512,50,12.399664791670492
ALiBi_trained,512,51,13.887965749577324
ALiBi_trained,512,52,8.96348928430311
ALiBi_trained,512,53,14.4636414170438
ALiBi_trained,512,54,11.728419499469554
ALiBi_trained,512,55,15.794554848271936
ALiBi_trained,512,56,9.685922216225235
ALiBi_trained,512,57,13.471690281647481
ALiBi_trained,512,58,9.543131727035764
ALiBi_trained,512,59,8.180281244423083
ALiBi_trained,512,60,8.243848352700685
ALiBi_trained,512,61,9.215496496984429
ALiBi_trained,512,62,9.15098010285319
ALiBi_trained,512,63,18.40397477809895
ALiBi_trained,512,64,12.811345118234858
ALiBi_trained,512,65,13.017888791309247
ALiBi_trained,512,66,9.886529951217277
ALiBi_trained,512,67,8.386397049520447
ALiBi_trained,512,68,10.25492251211643
ALiBi_trained,512,69,9.387013507448986
ALiBi_trained,512,70,12.14146406877407
ALiBi_trained,512,71,11.05362424221544
ALiBi_trained,512,72,10.019361939151361
ALiBi_trained,512,73,11.506129751550105
ALiBi_trained,512,74,15.09752323817625
ALiBi_trained,512,75,11.289471474922257
ALiBi_trained,512,76,10.927140588654956
ALiBi_trained,512,77,10.071626218828554
ALiBi_trained,512,78,11.155782565398452
ALiBi_trained,512,79,9.016211190570456
ALiBi_trained,512,80,11.510563738240077
ALiBi_trained,512,81,14.987932088815308
ALiBi_trained,512,82,19.10118592485101
ALiBi_trained,512,83,8.05480959842756
ALiBi_trained,512,84,14.504102818802087
ALiBi_trained,512,85,9.164683101112365
ALiBi_trained,512,86,7.846912212948126
ALiBi_trained,512,87,7.028623398902592
ALiBi_trained,512,88,9.915603057852515
ALiBi_trained,512,89,12.046478689259935
ALiBi_trained,512,90,8.793723002240757
ALiBi_trained,512,91,11.824200545733852
ALiBi_trained,512,92,11.890488131456035
ALiBi_trained,512,93,9.497245743833954
ALiBi_trained,512,94,11.489610645186485
ALiBi_trained,512,95,11.187577173655288
ALiBi_trained,512,96,13.453173560515989
ALiBi_trained,512,97,8.231946104194108
ALiBi_trained,512,98,8.75300748710649
ALiBi_trained,512,99,7.6963666801099695
ALiBi_trained,1024,0,8.749773421323548
ALiBi_trained,1024,1,6.157898414069857
ALiBi_trained,1024,2,7.3928023975407
ALiBi_trained,1024,3,8.913933666595474
ALiBi_trained,1024,4,7.990604246136394
ALiBi_trained,1024,5,10.63538875389461
ALiBi_trained,1024,6,9.51564529251355
ALiBi_trained,1024,7,10.990510964224812
ALiBi_trained,1024,8,9.494743999975436
ALiBi_trained,1024,9,12.489621909418135
ALiBi_trained,1024,10,7.707149092381802
ALiBi_trained,1024,11,8.887522043213723
ALiBi_trained,1024,12,8.349575848978793
ALiBi_trained,1024,13,12.029126455909294
ALiBi_trained,1024,14,9.773212303016095
ALiBi_trained,1024,15,13.944934704787782
ALiBi_trained,1024,16,8.238150411574786
ALiBi_trained,1024,17,8.603174981696288
ALiBi_trained,1024,18,9.800853865680802
ALiBi_trained,1024,19,10.660546995297235
ALiBi_trained,1024,20,9.861592351515533
ALiBi_trained,1024,21,6.251910227741728
ALiBi_trained,1024,22,12.895738719476627
ALiBi_trained,1024,23,9.681403962821953
ALiBi_trained,1024,24,8.841313853451753
ALiBi_trained,1024,25,11.83058191096166
ALiBi_trained,1024,26,7.217124769012885
ALiBi_trained,1024,27,8.558739011041066
ALiBi_trained,1024,28,10.478608662733214
ALiBi_trained,1024,29,11.32803272747785
ALiBi_trained,1024,30,11.266116257343366
ALiBi_trained,1024,31,11.057991945122273
ALiBi_trained,1024,32,8.961420846615985
ALiBi_trained,1024,33,8.575183356351376
ALiBi_trained,1024,34,14.014755391446034
ALiBi_trained,1024,35,10.101983016663464
ALiBi_trained,1024,36,7.8628774255988025
ALiBi_trained,1024,37,10.900266839159485
ALiBi_trained,1024,38,6.359567973550387
ALiBi_trained,1024,39,9.384997251399271
ALiBi_trained,1024,40,8.735884714680106
ALiBi_trained,1024,41,10.682157836199863
ALiBi_trained,1024,42,11.424234068851755
ALiBi_trained,1024,43,7.352951590121807
ALiBi_trained,1024,44,9.550772831994168
ALiBi_trained,1024,45,9.861874497971987
ALiBi_trained,1024,46,8.718446219653577
ALiBi_trained,1024,47,9.256579947537334
ALiBi_trained,1024,48,9.038890341245189
ALiBi_trained,1024,49,9.004599911258524
ALiBi_trained,1024,50,12.073679459561733
ALiBi_trained,1024,51,12.431331768741138
ALiBi_trained,1024,52,7.690154190105016
ALiBi_trained,1024,53,12.75001521556129
ALiBi_trained,1024,54,9.900661621758895
ALiBi_trained,1024,55,13.237220653371011
ALiBi_trained,1024,56,10.035236146585808
ALiBi_trained,1024,57,10.004910563585245
ALiBi_trained,1024,58,8.982379422232214
ALiBi_trained,1024,59,7.460549053365325
ALiBi_trained,1024,60,7.650078359702876
ALiBi_trained,1024,61,8.353538269975601
ALiBi_trained,1024,62,8.98487469330818
ALiBi_trained,1024,63,16.5671793662036
ALiBi_trained,1024,64,10.235349717507614
ALiBi_trained,1024,65,11.804590188053648
ALiBi_trained,1024,66,8.035881206062985
ALiBi_trained,1024,67,7.274971167747739
ALiBi_trained,1024,68,8.723099456316527
ALiBi_trained,1024,69,8.325983685831192
ALiBi_trained,1024,70,9.305575238009455
ALiBi_trained,1024,71,10.28495388376727
ALiBi_trained,1024,72,8.90256235126794
ALiBi_trained,1024,73,10.250412545436483
ALiBi_trained,1024,74,12.442151601434837
ALiBi_trained,1024,75,10.83722043356125
ALiBi_trained,1024,76,8.695737607103908
ALiBi_trained,1024,77,7.99204844888253
ALiBi_trained,1024,78,10.733098256125388
ALiBi_trained,1024,79,7.406791123928345
ALiBi_trained,1024,80,8.423250091797657
ALiBi_trained,1024,81,12.304856600282209
ALiBi_trained,1024,82,11.88866542193082
ALiBi_trained,1024,83,9.292016033900126
ALiBi_trained,1024,84,11.150881730643016
ALiBi_trained,1024,85,8.10247654835361
ALiBi_trained,1024,86,6.644812654144216
ALiBi_trained,1024,87,6.193286136656712
ALiBi_trained,1024,88,9.877793566488062
ALiBi_trained,1024,89,11.403633879468693
ALiBi_trained,1024,90,7.6426513139055325
ALiBi_trained,1024,91,10.032078428997725
ALiBi_trained,1024,92,11.167622052692865
ALiBi_trained,1024,93,8.714983893819877
ALiBi_trained,1024,94,9.795109590497297
ALiBi_trained,1024,95,10.185758940737626
ALiBi_trained,1024,96,11.046316089033859
ALiBi_trained,1024,97,8.851671977647056
ALiBi_trained,1024,98,8.575167000502724
ALiBi_trained,1024,99,7.86945084127951
ALiBi_trained,2048,0,8.113276599976455
ALiBi_trained,2048,1,5.451751418588874
ALiBi_trained,2048,2,7.497100558582035
ALiBi_trained,2048,3,8.489869057996472
ALiBi_trained,2048,4,7.6312604402088695
ALiBi_trained,2048,5,9.507053044658141
ALiBi_trained,2048,6,9.892327839247528
ALiBi_trained,2048,7,9.124196771978479
ALiBi_trained,2048,8,8.761889576449722
ALiBi_trained,2048,9,10.049436616354761
ALiBi_trained,2048,10,7.757016686440818
ALiBi_trained,2048,11,8.486260778882306
ALiBi_trained,2048,12,9.52463361320582
ALiBi_trained,2048,13,9.619116884153897
ALiBi_trained,2048,14,10.139405594795488
ALiBi_trained,2048,15,11.815509608830846
ALiBi_trained,2048,16,5.45861217073605
ALiBi_trained,2048,17,8.599824044323483
ALiBi_trained,2048,18,8.958697134857081
ALiBi_trained,2048,19,10.65055274354219
ALiBi_trained,2048,20,8.688884152850012
ALiBi_trained,2048,21,5.757595795281316
ALiBi_trained,2048,22,12.100500238185598
ALiBi_trained,2048,23,8.573917914734897
ALiBi_trained,2048,24,8.450506007952095
ALiBi_trained,2048,25,9.852255509015139
ALiBi_trained,2048,26,6.635596358823496
ALiBi_trained,2048,27,8.725270984494522
ALiBi_trained,2048,28,8.80107251242143
ALiBi_trained,2048,29,10.568032302896547
ALiBi_trained,2048,30,9.698384301788067
ALiBi_trained,2048,31,7.754385412578077
ALiBi_trained,2048,32,9.761200954901353
ALiBi_trained,2048,33,8.743673680973243
ALiBi_trained,2048,34,12.134553371780948
ALiBi_trained,2048,35,8.541409757496485
ALiBi_trained,2048,36,9.664623864958825
ALiBi_trained,2048,37,10.809348769423844
ALiBi_trained,2048,38,6.7518054757929455
ALiBi_trained,2048,39,7.814443625885694
ALiBi_trained,2048,40,7.935506925058544
ALiBi_trained,2048,41,9.996038587816304
ALiBi_trained,2048,42,10.128091121969396
ALiBi_trained,2048,43,5.202621588125821
ALiBi_trained,2048,44,9.016322972140944
ALiBi_trained,2048,45,8.362561279682305
ALiBi_trained,2048,46,8.584325020341455
ALiBi_trained,2048,47,8.384809618321551
ALiBi_trained,2048,48,8.19153458648104
ALiBi_trained,2048,49,8.363552252012342
ALiBi_trained,2048,50,10.12744399631877
ALiBi_trained,2048,51,11.314053846658936
ALiBi_trained,2048,52,7.629915996725789
ALiBi_trained,2048,53,11.041121125480828
ALiBi_trained,2048,54,9.128816268545453
ALiBi_trained,2048,55,11.523996843898786
ALiBi_trained,2048,56,10.063086148496627
ALiBi_trained,2048,57,8.857614756268338
ALiBi_trained,2048,58,7.2843373578975195
ALiBi_trained,2048,59,8.10337101229959
ALiBi_trained,2048,60,6.562581291277542
ALiBi_trained,2048,61,7.187627944998932
ALiBi_trained,2048,62,8.085716389167802
ALiBi_trained,2048,63,14.188340287243786
ALiBi_trained,2048,64,9.236950191263679
ALiBi_trained,2048,65,9.897746831335631
ALiBi_trained,2048,66,7.493617631590224
ALiBi_trained,2048,67,8.41367413392485
ALiBi_trained,2048,68,8.744647268709738
ALiBi_trained,2048,69,7.280215547976795
ALiBi_trained,2048,70,8.824014127088557
ALiBi_trained,2048,71,8.56850663092128
ALiBi_trained,2048,72,8.517370999951023
ALiBi_trained,2048,73,8.06219314015359
ALiBi_trained,2048,74,9.68383252172886
ALiBi_trained,2048,75,9.121249610824485
ALiBi_trained,2048,76,9.460066119408456
ALiBi_trained,2048,77,6.612762465260405
ALiBi_trained,2048,78,9.465510099405666
ALiBi_trained,2048,79,7.25303441223062
ALiBi_trained,2048,80,5.723592115643914
ALiBi_trained,2048,81,11.019141362823534
ALiBi_trained,2048,82,8.17228489735727
ALiBi_trained,2048,83,9.905752171609148
ALiBi_trained,2048,84,8.582376818675508
ALiBi_trained,2048,85,8.49123951308004
ALiBi_trained,2048,86,8.559147133250162
ALiBi_trained,2048,87,5.731669482129645
ALiBi_trained,2048,88,10.017718578135447
ALiBi_trained,2048,89,11.206648789781017
ALiBi_trained,2048,90,7.63087654923386
ALiBi_trained,2048,91,8.49077794663423
ALiBi_trained,2048,92,8.864489284635457
ALiBi_trained,2048,93,8.205297306857172
ALiBi_trained,2048,94,10.178005346816999
ALiBi_trained,2048,95,7.938667147869237
ALiBi_trained,2048,96,8.65462353510974
ALiBi_trained,2048,97,9.14478599130069
ALiBi_trained,2048,98,8.341248949451922
ALiBi_trained,2048,99,8.085633494837179
ALiBi_trained,4096,0,7.816193280654869
ALiBi_trained,4096,1,5.892069263388511
ALiBi_trained,4096,2,7.506644451033947
ALiBi_trained,4096,3,7.981687601687989
ALiBi_trained,4096,4,7.825048176215985
ALiBi_trained,4096,5,8.165639576079982
ALiBi_trained,4096,6,7.227160820883829
ALiBi_trained,4096,7,9.366091057288033
ALiBi_trained,4096,8,8.38524343302732
ALiBi_trained,4096,9,7.2378156367205815
ALiBi_trained,4096,10,9.004694373766313
ALiBi_trained,4096,11,8.103079286426258
ALiBi_trained,4096,12,9.721110491085604
ALiBi_trained,4096,13,8.386251089271248
ALiBi_trained,4096,14,9.885985468621257
ALiBi_trained,4096,15,9.101071403579825
ALiBi_trained,4096,16,5.665756619316932
ALiBi_trained,4096,17,7.636473079433549
ALiBi_trained,4096,18,8.089588308228986
ALiBi_trained,4096,19,9.991509072615207
ALiBi_trained,4096,20,8.279393936709083
ALiBi_trained,4096,21,6.242499885981551
ALiBi_trained,4096,22,9.839893643516664
ALiBi_trained,4096,23,8.012543056328356
ALiBi_trained,4096,24,8.087573059269733
ALiBi_trained,4096,25,10.062764657254249
ALiBi_trained,4096,26,6.770552916052007
ALiBi_trained,4096,27,7.806032494525575
ALiBi_trained,4096,28,8.50784422841266
ALiBi_trained,4096,29,9.334306283398867
ALiBi_trained,4096,30,8.363328924054759
ALiBi_trained,4096,31,6.1783941567920975
ALiBi_trained,4096,32,7.908067900022331
ALiBi_trained,4096,33,7.8122529173659405
ALiBi_trained,4096,34,9.365847657987477
ALiBi_trained,4096,35,8.044133404380124
ALiBi_trained,4096,36,8.178725028306387
ALiBi_trained,4096,37,8.818581661597031
ALiBi_trained,4096,38,6.128450279909671
ALiBi_trained,4096,39,7.504239447988429
ALiBi_trained,4096,40,8.76967245684216
ALiBi_trained,4096,41,7.935662068302502
ALiBi_trained,4096,42,9.463332582813193
ALiBi_trained,4096,43,5.791320275426515
ALiBi_trained,4096,44,8.919486541646796
ALiBi_trained,4096,45,8.07436585414223
ALiBi_trained,4096,46,7.947175721065753
ALiBi_trained,4096,47,8.607850838152855
ALiBi_trained,4096,48,8.410786023956025
ALiBi_trained,4096,49,8.580533392204687
ALiBi_trained,4096,50,7.346477686709946
ALiBi_trained,4096,51,10.656570019887047
ALiBi_trained,4096,52,7.89180395667267
ALiBi_trained,4096,53,9.469656663506342
ALiBi_trained,4096,54,7.693398292575707
ALiBi_trained,4096,55,9.19231067310251
ALiBi_trained,4096,56,8.899485205607972
ALiBi_trained,4096,57,8.0677482213722
ALiBi_trained,4096,58,6.668436060928789
ALiBi_trained,4096,59,8.392777794117293
ALiBi_trained,4096,60,5.564583176332111
ALiBi_trained,4096,61,7.1744901654554125
ALiBi_trained,4096,62,8.990366729929057
ALiBi_trained,4096,63,10.463442506606643
ALiBi_trained,4096,64,8.881309334227163
ALiBi_trained,4096,65,8.07061474709019
ALiBi_trained,4096,66,7.553988131058064
ALiBi_trained,4096,67,8.537777537505406
ALiBi_trained,4096,68,7.928471908355912
ALiBi_trained,4096,69,7.22875140741891
ALiBi_trained,4096,70,9.402701823746312
ALiBi_trained,4096,71,7.69468420864286
ALiBi_trained,4096,72,7.85827836515755
ALiBi_trained,4096,73,8.569307481685467
ALiBi_trained,4096,74,9.567118032517493
ALiBi_trained,4096,75,7.917713983466657
ALiBi_trained,4096,76,9.215404217332072
ALiBi_trained,4096,77,5.974603087953622
ALiBi_trained,4096,78,8.466231701972319
ALiBi_trained,4096,79,6.655576814823862
ALiBi_trained,4096,80,5.962216053855623
ALiBi_trained,4096,81,8.695140538686356
ALiBi_trained,4096,82,6.404512719722215
ALiBi_trained,4096,83,8.82919733013842
ALiBi_trained,4096,84,7.038377185918163
ALiBi_trained,4096,85,8.843289207765539
ALiBi_trained,4096,86,8.256793373009053
ALiBi_trained,4096,87,6.311660291995703
ALiBi_trained,4096,88,8.884329358590195
ALiBi_trained,4096,89,7.818329172881599
ALiBi_trained,4096,90,7.8800717972307375
ALiBi_trained,4096,91,8.059148987223061
ALiBi_trained,4096,92,8.3947450018868
ALiBi_trained,4096,93,8.072106127858309
ALiBi_trained,4096,94,9.884682132100185
ALiBi_trained,4096,95,7.885824766882056
ALiBi_trained,4096,96,7.472492125673535
ALiBi_trained,4096,97,7.686876634317726
ALiBi_trained,4096,98,7.739096225222317
ALiBi_trained,4096,99,7.538403870468729
LAOPPE_L2,512,0,7.923386755944168
LAOPPE_L2,512,1,8.134669715896894
LAOPPE_L2,512,2,8.604444741421533
LAOPPE_L2,512,3,10.329938105095668
LAOPPE_L2,512,4,9.20679771144857
LAOPPE_L2,512,5,11.14955783770488
LAOPPE_L2,512,6,9.627149346054578
LAOPPE_L2,512,7,9.610823026784027
LAOPPE_L2,512,8,11.013168801930547
LAOPPE_L2,512,9,11.944735666568548
LAOPPE_L2,512,10,9.277793054347212
LAOPPE_L2,512,11,10.094820268415598
LAOPPE_L2,512,12,7.414605892830436
LAOPPE_L2,512,13,13.632310291984657
LAOPPE_L2,512,14,8.520287583666352
LAOPPE_L2,512,15,17.88640757317824
LAOPPE_L2,512,16,10.33371187917403
LAOPPE_L2,512,17,9.22619401151238
LAOPPE_L2,512,18,12.57313416377366
LAOPPE_L2,512,19,14.83651807934541
LAOPPE_L2,512,20,9.95334844185414
LAOPPE_L2,512,21,7.325272717060755
LAOPPE_L2,512,22,15.773913399337653
LAOPPE_L2,512,23,9.436737433864904
LAOPPE_L2,512,24,9.672060157080223
LAOPPE_L2,512,25,14.460110685603494
LAOPPE_L2,512,26,8.315180014378338
LAOPPE_L2,512,27,10.865428193983666
LAOPPE_L2,512,28,13.055329779733322
LAOPPE_L2,512,29,13.892731310523473
LAOPPE_L2,512,30,13.547294598455116
LAOPPE_L2,512,31,15.343521614687207
LAOPPE_L2,512,32,11.908622711957225
LAOPPE_L2,512,33,8.048083269896184
LAOPPE_L2,512,34,19.11680368420836
LAOPPE_L2,512,35,11.938802227796836
LAOPPE_L2,512,36,7.578622820461063
LAOPPE_L2,512,37,12.793089396084024
LAOPPE_L2,512,38,7.90674443870004
LAOPPE_L2,512,39,10.317313872065068
LAOPPE_L2,512,40,10.770344568239587
LAOPPE_L2,512,41,11.966921036384143
LAOPPE_L2,512,42,12.199197752363865
LAOPPE_L2,512,43,9.629337007155879
LAOPPE_L2,512,44,10.937480438263844
LAOPPE_L2,512,45,12.110116824371287
LAOPPE_L2,512,46,10.732737447415062
LAOPPE_L2,512,47,10.580327613356975
LAOPPE_L2,512,48,11.832604475920958
LAOPPE_L2,512,49,10.35646250616884
LAOPPE_L2,512,50,12.70061344758658
LAOPPE_L2,512,51,14.275159615718087
LAOPPE_L2,512,52,9.23845005244903
LAOPPE_L2,512,53,14.908264758737557
LAOPPE_L2,512,54,12.083122045041868
LAOPPE_L2,512,55,16.304430988060098
LAOPPE_L2,512,56,9.895375509674452
LAOPPE_L2,512,57,13.772363988932424
LAOPPE_L2,512,58,9.774799240423569
LAOPPE_L2,512,59,8.37679508345054
LAOPPE_L2,512,60,8.416687649770264
LAOPPE_L2,512,61,9.525785003546975
LAOPPE_L2,512,62,9.42663407463258
LAOPPE_L2,512,63,18.921553265193875
LAOPPE_L2,512,64,13.348021857443284
LAOPPE_L2,512,65,13.479555310903548
LAOPPE_L2,512,66,10.145755734402728
LAOPPE_L2,512,67,8.66422170721271
LAOPPE_L2,512,68,10.503213232093346
LAOPPE_L2,512,69,9.620449428004974
LAOPPE_L2,512,70,12.545202979922477
LAOPPE_L2,512,71,11.378230204828009
LAOPPE_L2,512,72,10.292040510589622
LAOPPE_L2,512,73,11.805336036524269
LAOPPE_L2,512,74,15.558312330407958
LAOPPE_L2,512,75,11.625143547044345
LAOPPE_L2,512,76,11.286858214649437
LAOPPE_L2,512,77,10.352554542702288
LAOPPE_L2,512,78,11.479438515072424
LAOPPE_L2,512,79,9.318327733053529
LAOPPE_L2,512,80,11.913487318089047
LAOPPE_L2,512,81,15.525193096993485
LAOPPE_L2,512,82,19.693680626038848
LAOPPE_L2,512,83,8.231526108045443
LAOPPE_L2,512,84,14.918544092445233
LAOPPE_L2,512,85,9.449892722818527
LAOPPE_L2,512,86,8.050787330982757
LAOPPE_L2,512,87,7.25165027316304
LAOPPE_L2,512,88,10.236284394138028
LAOPPE_L2,512,89,12.461567252792964
LAOPPE_L2,512,90,9.020083509584037
LAOPPE_L2,512,91,12.241581382362558
LAOPPE_L2,512,92,12.245224362621531
LAOPPE_L2,512,93,9.802307404371325
LAOPPE_L2,512,94,11.764033667882645
LAOPPE_L2,512,95,11.597590017459176
LAOPPE_L2,512,96,13.827450969779187
LAOPPE_L2,512,97,8.452339636305682
LAOPPE_L2,512,98,8.938688855069696
LAOPPE_L2,512,99,7.917640362334344
LAOPPE_L2,1024,0,9.189617569592532
LAOPPE_L2,1024,1,6.378460269170635
LAOPPE_L2,1024,2,7.714125665099475
LAOPPE_L2,1024,3,9.35784580154528
LAOPPE_L2,1024,4,8.387368849635301
LAOPPE_L2,1024,5,11.180881521872903
LAOPPE_L2,1024,6,10.061178944023531
LAOPPE_L2,1024,7,11.62406819650346
LAOPPE_L2,1024,8,9.88723711623413
LAOPPE_L2,1024,9,13.125858891404908
LAOPPE_L2,1024,10,8.011618505534312
LAOPPE_L2,1024,11,9.300657852693359
LAOPPE_L2,1024,12,8.794578451319722
LAOPPE_L2,1024,13,12.681859378026363
LAOPPE_L2,1024,14,10.305791044596461
LAOPPE_L2,1024,15,14.608989358383687
LAOPPE_L2,1024,16,8.670158529206539
LAOPPE_L2,1024,17,9.11670567150209
LAOPPE_L2,1024,18,10.266344405396437
LAOPPE_L2,1024,19,11.265479681139544
LAOPPE_L2,1024,20,10.470589707421299
LAOPPE_L2,1024,21,6.625199373333261
LAOPPE_L2,1024,22,13.644917127728606
LAOPPE_L2,1024,23,10.075418526596101
LAOPPE_L2,1024,24,9.240690386689769
LAOPPE_L2,1024,25,12.436988100935123
LAOPPE_L2,1024,26,7.45759516194284
LAOPPE_L2,1024,27,8.937148166777337
LAOPPE_L2,1024,28,11.120487834480686
LAOPPE_L2,1024,29,11.963104148835422
LAOPPE_L2,1024,30,11.86130738044385
LAOPPE_L2,1024,31,11.642049035277182
LAOPPE_L2,1024,32,9.376860545716195
LAOPPE_L2,1024,33,8.986222213651638
LAOPPE_L2,1024,34,14.747919587061416
LAOPPE_L2,1024,35,10.62502543417223
LAOPPE_L2,1024,36,8.278468200599551
LAOPPE_L2,1024,37,11.558036774108949
LAOPPE_L2,1024,38,6.671388324709336
LAOPPE_L2,1024,39,9.96494048138498
LAOPPE_L2,1024,40,9.162155369219814
LAOPPE_L2,1024,41,11.275819765476141
LAOPPE_L2,1024,42,12.098752064129819
LAOPPE_L2,1024,43,7.658542383265674
LAOPPE_L2,1024,44,10.024002066834553
LAOPPE_L2,1024,45,10.37573997541664
LAOPPE_L2,1024,46,9.091914844892694
LAOPPE_L2,1024,47,9.722026023068672
LAOPPE_L2,1024,48,9.590339159232064
LAOPPE_L2,1024,49,9.394007743879722
LAOPPE_L2,1024,50,12.662372204291339
LAOPPE_L2,1024,51,13.128397119625681
LAOPPE_L2,1024,52,8.015638403451748
LAOPPE_L2,1024,53,13.459885295998278
LAOPPE_L2,1024,54,10.446492432596473
LAOPPE_L2,1024,55,14.077499485837457
LAOPPE_L2,1024,56,10.529286312481213
LAOPPE_L2,1024,57,10.345556976236992
LAOPPE_L2,1024,58,9.358251867697765
LAOPPE_L2,1024,59,7.79033871970781
LAOPPE_L2,1024,60,8.041506350372108
LAOPPE_L2,1024,61,8.82367121289945
LAOPPE_L2,1024,62,9.43154610804352
LAOPPE_L2,1024,63,17.489006858776587
LAOPPE_L2,1024,64,10.739256904270498
LAOPPE_L2,1024,65,12.508634461309157
LAOPPE_L2,1024,66,8.328163577130237
LAOPPE_L2,1024,67,7.61111682448819
LAOPPE_L2,1024,68,9.097964687968611
LAOPPE_L2,1024,69,8.773325937580797
LAOPPE_L2,1024,70,9.79836559008034
LAOPPE_L2,1024,71,10.744422550421211
LAOPPE_L2,1024,72,9.375139278037011
LAOPPE_L2,1024,73,10.748990978907282
LAOPPE_L2,1024,74,13.154948007549738
LAOPPE_L2,1024,75,11.377131581371502
LAOPPE_L2,1024,76,9.25721336117134
LAOPPE_L2,1024,77,8.313047125071325
LAOPPE_L2,1024,78,11.32071318792623
LAOPPE_L2,1024,79,7.809057373113002
LAOPPE_L2,1024,80,8.875752716685588
LAOPPE_L2,1024,81,12.924102154500398
LAOPPE_L2,1024,82,12.455834408397617
LAOPPE_L2,1024,83,9.615122652358709
LAOPPE_L2,1024,84,11.770590228234767
LAOPPE_L2,1024,85,8.532165295207724
LAOPPE_L2,1024,86,6.986659249152935
LAOPPE_L2,1024,87,6.572876091902828
LAOPPE_L2,1024,88,10.488071477734469
LAOPPE_L2,1024,89,11.911805921893794
LAOPPE_L2,1024,90,7.924261449470396
LAOPPE_L2,1024,91,10.55968559585363
LAOPPE_L2,1024,92,11.82113938957704
LAOPPE_L2,1024,93,9.107980703677743
LAOPPE_L2,1024,94,10.25293983795713
LAOPPE_L2,1024,95,10.705440778184105
LAOPPE_L2,1024,96,11.587626183261877
LAOPPE_L2,1024,97,9.265789675460107
LAOPPE_L2,1024,98,8.93440414068968
LAOPPE_L2,1024,99,8.229457841535487
LAOPPE_L2,2048,0,8.798733175164747
LAOPPE_L2,2048,1,5.756031795800193
LAOPPE_L2,2048,2,8.038416346039142
LAOPPE_L2,2048,3,9.168188560634023
LAOPPE_L2,2048,4,8.254807321804762
LAOPPE_L2,2048,5,10.308646581101188
LAOPPE_L2,2048,6,10.82210286967613
LAOPPE_L2,2048,7,9.823892779428416
LAOPPE_L2,2048,8,9.363800228063095
LAOPPE_L2,2048,9,10.920999174941779
LAOPPE_L2,2048,10,8.340071716969712
LAOPPE_L2,2048,11,9.191791274394118
LAOPPE_L2,2048,12,10.386432163645207
LAOPPE_L2,2048,13,10.38704383229983
LAOPPE_L2,2048,14,11.064540140670903
LAOPPE_L2,2048,15,12.789902427957987
LAOPPE_L2,2048,16,5.814490060864683
LAOPPE_L2,2048,17,9.343575522773957
LAOPPE_L2,2048,18,9.751745259730743
LAOPPE_L2,2048,19,11.524678252712059
LAOPPE_L2,2048,20,9.507669595646856
LAOPPE_L2,2048,21,6.1878111308726504
LAOPPE_L2,2048,22,13.19909438527034
LAOPPE_L2,2048,23,9.127149237550706
LAOPPE_L2,2048,24,9.157665285702702
LAOPPE_L2,2048,25,10.659830267756037
LAOPPE_L2,2048,26,7.090045203503428
LAOPPE_L2,2048,27,9.497227629292546
LAOPPE_L2,2048,28,9.458356638596916
LAOPPE_L2,2048,29,11.507029580968434
LAOPPE_L2,2048,30,10.446711611029388
LAOPPE_L2,2048,31,8.42340071259318
LAOPPE_L2,2048,32,10.75128489308618
LAOPPE_L2,2048,33,9.528801533907
LAOPPE_L2,2048,34,13.237277461481018
LAOPPE_L2,2048,35,9.23948974670772
LAOPPE_L2,2048,36,10.51442031984471
LAOPPE_L2,2048,37,11.730399427934582
LAOPPE_L2,2048,38,7.238492978077712
LAOPPE_L2,2048,39,8.55455076154822
LAOPPE_L2,2048,40,8.598745623728131
LAOPPE_L2,2048,41,10.809539480174713
LAOPPE_L2,2048,42,11.049089667455855
LAOPPE_L2,2048,43,5.474585879360684
LAOPPE_L2,2048,44,9.709480315401084
LAOPPE_L2,2048,45,9.023624018594615
LAOPPE_L2,2048,46,9.25080397975477
LAOPPE_L2,2048,47,9.151464467207038
LAOPPE_L2,2048,48,8.926841129114138
LAOPPE_L2,2048,49,9.00170854986833
LAOPPE_L2,2048,50,10.999161495442095
LAOPPE_L2,2048,51,12.314717803186413
LAOPPE_L2,2048,52,8.205066467255987
LAOPPE_L2,2048,53,11.884377629040024
LAOPPE_L2,2048,54,9.893889299232127
LAOPPE_L2,2048,55,12.596675885124421
LAOPPE_L2,2048,56,10.896699234837964
LAOPPE_L2,2048,57,9.438897578853572
LAOPPE_L2,2048,58,7.821817560234115
LAOPPE_L2,2048,59,8.764990196875933
LAOPPE_L2,2048,60,7.028293283037621
LAOPPE_L2,2048,61,7.827156629885999
LAOPPE_L2,2048,62,8.70578403673297
LAOPPE_L2,2048,63,15.639335358836114
LAOPPE_L2,2048,64,10.052139636674314
LAOPPE_L2,2048,65,10.754943353156236
LAOPPE_L2,2048,66,8.025620436267591
LAOPPE_L2,2048,67,9.151344464640315
LAOPPE_L2,2048,68,9.478764256478371
LAOPPE_L2,2048,69,7.861385340961564
LAOPPE_L2,2048,70,9.460183403822652
LAOPPE_L2,2048,71,9.104383219252698
LAOPPE_L2,2048,72,9.283253872458351
LAOPPE_L2,2048,73,8.579003301227415
LAOPPE_L2,2048,74,10.584351840418481
LAOPPE_L2,2048,75,9.862728040146907
LAOPPE_L2,2048,76,10.281803386940366
LAOPPE_L2,2048,77,7.069924258242779
LAOPPE_L2,2048,78,10.208059711489161
LAOPPE_L2,2048,79,7.814920596229238
LAOPPE_L2,2048,80,6.055328367055522
LAOPPE_L2,2048,81,12.033426307113194
LAOPPE_L2,2048,82,8.831546872567145
LAOPPE_L2,2048,83,10.749682946151163
LAOPPE_L2,2048,84,9.25550081647252
LAOPPE_L2,2048,85,9.244394627905187
LAOPPE_L2,2048,86,9.224775316635567
LAOPPE_L2,2048,87,6.1791064145969266
LAOPPE_L2,2048,88,10.993089683237297
LAOPPE_L2,2048,89,12.21594192213866
LAOPPE_L2,2048,90,8.231661525023643
LAOPPE_L2,2048,91,9.158285380238903
LAOPPE_L2,2048,92,9.654267314109168
LAOPPE_L2,2048,93,8.801897198363516
LAOPPE_L2,2048,94,11.042863917380034
LAOPPE_L2,2048,95,8.438335570417147
LAOPPE_L2,2048,96,9.408267565364152
LAOPPE_L2,2048,97,9.920190402812208
LAOPPE_L2,2048,98,9.010318825169337
LAOPPE_L2,2048,99,8.705333638700933
LAOPPE_L2,4096,0,8.751263029610858
LAOPPE_L2,4096,1,6.565057020690971
LAOPPE_L2,4096,2,8.426982264192107
LAOPPE_L2,4096,3,8.963643154115067
LAOPPE_L2,4096,4,8.674302041255496
LAOPPE_L2,4096,5,8.985819436000142
LAOPPE_L2,4096,6,8.048858507512847
LAOPPE_L2,4096,7,10.620669217468729
LAOPPE_L2,4096,8,9.20936410780746
LAOPPE_L2,4096,9,7.893282995663196
LAOPPE_L2,4096,10,10.156796926947445
LAOPPE_L2,4096,11,9.102013173501533
LAOPPE_L2,4096,12,11.017583562308975
LAOPPE_L2,4096,13,9.292191051299875
LAOPPE_L2,4096,14,11.132690647003864
LAOPPE_L2,4096,15,10.034231310464616
LAOPPE_L2,4096,16,6.3061362700228685
LAOPPE_L2,4096,17,8.568149132423539
LAOPPE_L2,4096,18,9.052518298299598
LAOPPE_L2,4096,19,11.21351226126288
LAOPPE_L2,4096,20,9.334219490392785
LAOPPE_L2,4096,21,6.939935334132037
LAOPPE_L2,4096,22,11.025211792446843
LAOPPE_L2,4096,23,8.780352758945485
LAOPPE_L2,4096,24,9.10975717356838
LAOPPE_L2,4096,25,11.283091447954142
LAOPPE_L2,4096,26,7.521831278860116
LAOPPE_L2,4096,27,8.695099077124162
LAOPPE_L2,4096,28,9.414444862652804
LAOPPE_L2,4096,29,10.45025397285815
LAOPPE_L2,4096,30,9.281478975395737
LAOPPE_L2,4096,31,6.8561151516715375
LAOPPE_L2,4096,32,8.908329026655812
LAOPPE_L2,4096,33,8.802235069115698
LAOPPE_L2,4096,34,10.374095049314176
LAOPPE_L2,4096,35,8.949408566250929
LAOPPE_L2,4096,36,9.069085354442283
LAOPPE_L2,4096,37,9.874748956788775
LAOPPE_L2,4096,38,6.852287927991707
LAOPPE_L2,4096,39,8.437868832739031
LAOPPE_L2,4096,40,9.778887781279959
LAOPPE_L2,4096,41,8.891873313166723
LAOPPE_L2,4096,42,10.563238562651764
LAOPPE_L2,4096,43,6.349631489726579
LAOPPE_L2,4096,44,10.003901608638051
LAOPPE_L2,4096,45,8.98162562258249
LAOPPE_L2,4096,46,8.91049780389563
LAOPPE_L2,4096,47,9.80896792793775
LAOPPE_L2,4096,48,9.376601217641214
LAOPPE_L2,4096,49,9.55555134438696
LAOPPE_L2,4096,50,8.020205267166608
LAOPPE_L2,4096,51,11.949444085249995
LAOPPE_L2,4096,52,8.888585819961506
LAOPPE_L2,4096,53,10.563535746566941
LAOPPE_L2,4096,54,8.466201424422469
LAOPPE_L2,4096,55,10.276825853698634
LAOPPE_L2,4096,56,9.906354427332765
LAOPPE_L2,4096,57,8.879712905983878
LAOPPE_L2,4096,58,7.361440518524411
LAOPPE_L2,4096,59,9.370678865497963
LAOPPE_L2,4096,60,6.191310768333583
LAOPPE_L2,4096,61,8.009834653292257
LAOPPE_L2,4096,62,10.005304155159457
LAOPPE_L2,4096,63,11.746446931412953
LAOPPE_L2,4096,64,10.025256847236278
LAOPPE_L2,4096,65,9.059096992805882
LAOPPE_L2,4096,66,8.480419551010314
LAOPPE_L2,4096,67,9.652446796233495
LAOPPE_L2,4096,68,8.833989711987876
LAOPPE_L2,4096,69,8.092186695320438
LAOPPE_L2,4096,70,10.484858761733562
LAOPPE_L2,4096,71,8.412867770122865
LAOPPE_L2,4096,72,8.714886237105421
LAOPPE_L2,4096,73,9.60242871831648
LAOPPE_L2,4096,74,10.767545975128531
LAOPPE_L2,4096,75,8.76181019491332
LAOPPE_L2,4096,76,10.423847226499273
LAOPPE_L2,4096,77,6.526172540441785
LAOPPE_L2,4096,78,9.425114897401087
LAOPPE_L2,4096,79,7.515369050103126
LAOPPE_L2,4096,80,6.688073692624714
LAOPPE_L2,4096,81,9.592735726383077
LAOPPE_L2,4096,82,7.092161052878936
LAOPPE_L2,4096,83,10.03432939717805
LAOPPE_L2,4096,84,7.841582102508027
LAOPPE_L2,4096,85,9.94410965113908
LAOPPE_L2,4096,86,9.255915682240616
LAOPPE_L2,4096,87,7.037156488667488
LAOPPE_L2,4096,88,10.062843829517401
LAOPPE_L2,4096,89,8.58166067922534
LAOPPE_L2,4096,90,8.851665646440155
LAOPPE_L2,4096,91,8.955120183399902
LAOPPE_L2,4096,92,9.4501968867629
LAOPPE_L2,4096,93,9.06406386523209
LAOPPE_L2,4096,94,11.07511034414859
LAOPPE_L2,4096,95,8.691469883602654
LAOPPE_L2,4096,96,8.392047463028394
LAOPPE_L2,4096,97,8.45097747439013
LAOPPE_L2,4096,98,8.569452541743303
LAOPPE_L2,4096,99,8.463731141234447
